Building Size,County,Land Size,Price,Year Built,bathroom(s),bedroom(s),livingroom(s)
149.85,Chatham County,1173.59,279900,1997,2,3,0
284.56,Stanislaus,2221.5,745000,2025,5,4,1
115.94,Monroe,2387.65,225000,1964,2,3,0
309.74,Wake,1214.06,724900,2014,4,5,0
165.0,Grant,809.37,247900,1970,3,3,1
91.97,Onslow,890.31,135000,1974,1,3,0
178.37,Kent,324.96,399900,1878,2,2,0
112.23,Clark,536.61,310000,2001,2,2,0
72.84,Montgomery,183.32,89900,1885,1,2,0
178.28,FREDERICK,485.62,419900,2002,2,2,0
180.7,Hillsborough,485.62,365000,2017,3,3,1
419.55,Hamilton,5463.26,885000,1989,5,4,1
112.6,Mohave,566.56,240000,1986,2,2,0
478.17,St Lucie,3067.92,849000,1959,5,5,0
118.92,WASHINGTON,161.87,709000,1924,3,4,0
71.35,Cherokee,687.97,119500,1963,1,2,0
304.63,MADISON,1497.34,520000,1992,3,4,0
644.75,Monroe,323.75,399000,1992,2,2,0
139.35,Hamilton,3075.61,458000,1950,2,4,0
145.76,Yavapai,13152.29,499000,2000,2,4,0
176.98,Lee,1133.12,425000,1981,2,3,0
182.83,Overton,1902.02,169900,1988,1,4,0
204.39,DeSoto,1011.72,389995,2025,3,4,1
207.73,Bedford,2104.37,439900,1990,3,4,0
170.57,Grand Traverse,687.97,675000,1907,2,4,1
141.49,Maricopa,687.97,324900,1980,2,2,0
155.33,Lee,809.37,365000,2019,2,3,0
223.52,Franklin,4249.2,29500,1840,3,6,0
153.75,El Paso,607.03,250000,1978,2,4,0
127.09,Horry,485.62,265000,2002,2,3,0
186.55,Williamson,422.9,345000,2022,3,3,1
170.38,Brown,930.78,375000,1977,3,3,1
318.29,MONTGOMERY,526.09,220000,1906,2,5,0
96.62,Baraga,1416.4,210000,1973,1,3,1
354.89,Orange,40509.07,2700000,1997,7,4,1
149.76,Ada,756.76,499900,2002,2,4,0
146.04,Hartford,8903.09,439900,1954,2,3,0
237.27,Bath,40468.6,449900,2023,0,2,1
78.97,Crow Wing,80.94,204999,1987,1,1,0
175.31,Carteret,728.43,795000,1993,3,3,0
175.4,Lincoln,8053.25,379900,2023,2,4,0
179.02,Muscatine,784848.06,3550000,1980,4,3,0
167.6,DORCHESTER,2347.18,149000,1900,2,3,0
309.74,Bexar,631.31,750000,2023,3,4,1
278.8,Maricopa,3358.89,3565000,1984,3,4,0
150.32,Peach County,809.37,289622,2025,2,3,0
161.65,Van Buren,79277.98,245000,2003,2,3,1
158.86,Leon,12140.58,400000,1997,2,3,0
168.53,"Johnson, KS",871.29,399500,1970,2,4,0
143.91,Hillsborough,526.09,275000,1926,1,2,1
119.66,Iron,1375.93,149900,1962,1,3,1
188.5,Williamson,458.91,450000,2021,3,4,0
142.7,Wayne,3642.17,229000,1988,2,3,1
141.96,Pueblo,5139.51,485000,2018,2,3,0
501.68,Richmond,809.37,2397000,2014,6,4,0
167.69,Onslow,1861.56,274900,1966,3,3,0
248.42,Orange,9712.46,1675000,1953,3,3,1
554.26,Oconee Co.,9307.78,865000,2006,3,4,0
96.62,Kent,1052.18,475000,1972,1,3,0
114.08,Bedford,8498.41,229995,1993,2,3,0
236.9,Pulaski,3642.17,265000,2001,4,3,0
136.75,FAUQUIER,40468.6,450000,1970,2,3,0
430.51,Iredell,4046.86,1825000,2001,4,4,0
534.38,Clermont,1579.49,800000,2006,5,5,1
327.2,Val Verde,8417.47,550000,1982,5,4,0
186.18,Aransas,647.5,395000,1977,2,3,0
371.61,Rabun,25738.03,750000,1982,3,4,0
254.37,Grand Traverse,890.31,525000,1954,3,4,1
189.06,St. Joseph,41237.5,559900,1995,2,3,1
581.2,Albemarle,1505431.88,19950000,1940,7,6,1
131.09,Cumberland,1416.4,1500000,1988,3,3,1
186.55,MONTGOMERY,161.87,940000,2021,5,4,0
158.03,Los Angeles,454.87,2179000,1948,2,3,1
226.31,Hamilton,1497.34,463000,2005,3,4,1
206.43,Hockley,1011.72,240000,1979,2,3,0
120.31,Maricopa,323.75,267000,1968,2,2,0
103.68,Mohave,930.78,240000,1984,2,2,0
168.53,Union,464.58,375000,1923,3,4,0
197.79,Williamson,515.57,529500,2005,3,3,0
166.39,Anderson,2428.12,229697,2025,2,4,1
262.45,Lee,849.84,74900,1880,1,5,1
263.75,Essex,2063.9,999900,1973,4,4,0
227.61,Dekalb - GA,1740.15,995000,1958,4,4,0
160.16,CAMDEN,1052.18,675000,1950,2,3,0
385.83,Hamilton,16187.44,1499000,1966,5,4,0
242.11,Davidson,3763.58,715000,2004,3,4,0
147.16,Pinellas,485.62,625000,1956,0,3,0
100.8,Barnstable,890.31,1150000,1915,2,3,0
177.72,Williamson,810.99,449900,1995,2,2,0
131.55,Jackson,1780.62,160000,1989,2,3,1
187.66,BALTIMORE,1011.72,434900,1969,3,5,0
154.4,Onslow,1659.21,260000,1979,2,3,0
377.19,Escambia - Fl,687.97,4777000,2012,6,6,0
112.51,Wyandotte,323.75,315000,1910,2,3,1
179.77,Davie,2820.66,340000,2022,3,4,0
200.3,Kootenai,1416.4,1085000,2012,2,3,0
131.55,Jackson,1780.62,160000,1989,2,3,0
92.9,Suffolk County,768.9,529990,1950,1,2,0
232.26,Charleston,849.84,619000,2020,3,4,0
186.08,Pearl River,8862.62,285000,1996,2,3,0
209.03,Suffolk County,696.87,719000,1936,3,4,0
379.51,Bell,1859.94,899500,1992,4,4,0
215.07,Allen County,2387.65,399900,1995,2,3,1
182.93,Dakota,1392.12,399900,1972,2,4,0
102.94,Ingham,1092.65,99900,1938,1,2,0
256.41,Denton,664.09,535101,2025,3,4,0
106.65,El Paso,445.15,189999,2004,2,3,0
137.5,FAIRFAX,161.87,574999,1988,3,3,0
122.91,Gregg,607.03,220000,2025,2,3,0
134.8,St. Louis County,687.97,189900,1913,2,2,1
124.86,San Bernardino,8781.67,299900,1980,2,3,1
233.09,Johnston,809.37,369900,2022,3,5,0
268.68,Barnstable,3318.43,4195000,1937,3,4,0
171.87,Maricopa,364.22,295000,1995,2,3,0
179.86,Wayne,687.97,234900,1907,2,4,1
265.33,Androscoggin,4046.86,399900,1987,3,0,0
119.94,Cuyahoga,687.97,265000,1950,2,3,0
105.91,Fentress,2468.58,229900,1985,2,3,0
92.9,Putnam,1371.89,219900,1956,1,3,1
175.22,Nassau County,650.33,1150888,1958,3,3,0
154.03,Polk,445.15,310000,2016,2,2,1
162.77,Lee,1045.3,399999,2025,3,4,0
265.33,Androscoggin,4046.86,399900,1983,2,4,1
113.81,Los Angeles,240.38,1795000,1921,3,2,1
120.12,Pinellas,566.56,739000,1930,2,2,1
168.34,Meade,3965.92,328500,2023,2,4,0
217.3,Erie,1091.03,370000,2004,3,3,1
257.81,Cumberland,2954.21,440000,2022,3,5,0
429.96,Duval,1902.02,2095000,1997,5,5,0
102.47,Yadkin,3993.04,150000,1940,2,3,0
143.63,Pitt,1254.53,214990,1972,2,3,0
159.24,Duval,3844.52,270000,1946,2,3,0
219.72,Riverside,674.2,599000,2019,2,4,1
128.3,Sullivan,80.94,262990,2025,3,3,1
128.3,Sullivan,80.94,262990,2025,3,3,1
185.16,Greene,1254.53,299900,1965,2,3,0
128.3,Sullivan,80.94,262990,2025,3,3,1
193.05,Pike,1982.96,375000,1991,3,5,1
178.28,Blackhawk,1416.4,225000,1966,2,3,0
50.17,Fulton - GA,48.56,155000,1971,1,1,0
323.67,Cumberland,404.69,895000,1890,3,0,0
344.76,Pike,2266.24,460000,1990,3,3,1
196.95,Bronx County,210.44,649000,1930,2,4,0
190.27,Kosciusko County,404.69,179900,1910,2,4,1
169.73,Marion,971.25,231900,1994,2,3,0
250.84,Faulkner,2104.37,525000,2025,3,4,1
431.53,FAIRFAX,3844.52,1488000,1974,4,5,0
172.89,Iredell,1618.74,365000,1998,3,4,0
182.09,Cleveland,689.99,387000,2018,2,3,0
112.04,Hidalgo,827.18,165000,2008,3,3,0
120.77,Bowie County,768.9,284900,2025,2,3,0
85.84,MONROE,1214.06,325500,1967,1,3,0
270.07,Stokes,2104.37,524900,2008,3,3,0
133.5,Ottawa,1699.68,525000,2019,2,3,1
125.88,Maricopa,526.09,373000,2016,2,3,0
243.41,Knox County - 1,930.78,529900,2012,3,3,0
101.45,Ocean,971.25,369000,1959,1,3,0
136.01,Washington,2387.65,194900,2004,3,3,0
111.48,Bowie County,809.37,269900,2025,2,3,0
165.18,Hartford,1821.09,430000,1960,3,3,0
155.61,Maricopa,566.56,379000,2004,2,3,0
343.74,Suffolk County,1902.02,1290000,1994,4,5,1
128.21,Pima,687.97,337000,1992,2,3,0
273.13,Fannin,8903.09,675000,2005,4,4,0
258.27,Linn,1295.0,599000,2025,4,4,0
137.12,St. Charles,647.5,255000,1992,3,2,1
167.23,Blount County - 28,890.31,400000,2006,2,3,0
272.39,James City County VA,2104.37,710000,1996,4,4,0
75.44,Summit,4678.98,685000,1982,2,2,0
284.93,MONTGOMERY,849.84,1090000,1967,3,5,0
305.0,Los Angeles,913.33,1050000,1966,3,5,0
293.2,Iredell,1861.56,1295000,2005,3,4,0
184.88,Duplin,18534.62,450000,1994,3,3,0
231.33,Forsyth,3723.11,505000,2004,3,3,0
317.54,Pinal,1416.4,919990,2013,5,4,0
175.77,Wake,687.97,365000,2011,3,3,0
149.11,Simpson,1214.06,305000,2022,2,4,0
159.7,Lee,2023.83,350000,2024,2,3,0
295.25,"Johnson, KS",959.51,520000,1985,5,4,1
192.59,Lake,1299.04,514900,1990,3,3,0
130.99,Lee,730.86,205000,2008,3,2,0
123.28,Greene,768.9,260000,2019,2,3,0
214.33,Bexar,538.23,280000,2011,3,3,1
175.49,Bernalillo,849.84,424999,1972,2,3,0
329.81,Anoka,1092.65,485000,1985,4,5,0
129.51,Pitt,1254.53,240000,1956,2,3,0
105.91,St. Johns,768.9,329990,1990,2,3,0
244.24,Wake,728.43,422000,2007,3,4,0
220.55,Cherokee - GA,1982.96,499000,2017,2,2,0
234.49,Wake,728.43,595000,2016,3,3,0
218.23,Hays,1439.87,615000,1925,4,4,0
137.22,Glenn,768.87,385000,1965,2,3,1
289.86,Jackson,1133.12,564900,2020,3,4,0
185.25,Pinellas,809.37,510000,1961,3,5,1
118.54,Duval,930.78,340000,1988,2,3,0
169.55,Bibb,1133.12,275000,1890,2,2,1
118.17,Genesee,283.28,419000,1998,3,3,0
175.96,Sumter,687.97,419900,1998,2,3,1
138.8,York County VA,1497.34,300000,1970,2,3,0
158.03,Charleston,1011.72,730000,1986,3,4,0
93.27,Hidalgo,511.12,94500,1982,2,2,0
257.81,Mecosta,3156.55,494500,1975,3,4,0
94.39,Yavapai,2225.77,225000,1904,1,2,0
172.99,Banks,8093.72,250000,1969,2,3,0
106.28,Ramsey-MN,554.42,250000,1910,2,4,0
329.62,Orange,396.23,3160000,2018,5,5,0
94.02,Volusia,121.41,174900,1989,2,2,1
109.72,Jefferson,1173.59,225000,1918,2,3,1
308.9,Lexington,647.5,835000,2022,3,4,0
153.29,Pinellas,849.84,534900,1988,2,3,1
229.19,Chatham County,1880.58,400000,1965,3,5,0
185.43,Oklahoma,613.1,333000,2016,2,3,0
145.11,Ada,615.12,439900,2020,2,3,0
110.74,Madison,242.81,205000,2007,2,3,1
103.59,Duval,607.03,379000,1939,1,2,0
154.96,Cobb - GA,80.94,344900,2007,3,3,0
91.04,Pike County,8093.72,79900,1991,2,2,0
159.42,Ottawa,3116.08,514900,2024,3,3,1
100.34,Tipton,566.56,214900,1850,1,2,1
285.12,Sarpy,1113.91,600000,2022,3,4,0
154.96,Cobb,80.94,344900,2007,3,3,0
217.21,Cuyahoga,605.81,153900,1923,2,3,0
162.67,Walton,242.81,399000,1998,2,3,1
166.11,Umatilla,8093.72,549000,1980,2,3,0
115.94,Tompkins,16430.25,299000,1959,1,3,1
236.72,Canyon,647.5,445000,2020,3,5,0
138.15,Wake,607.03,375000,2020,2,3,0
255.76,Wake,607.03,685000,2020,3,3,0
138.43,Lee,267.09,459000,1989,2,3,0
265.52,McCurtain,7082.0,1099000,2021,5,5,0
176.52,Henry,607.03,250000,2006,3,4,0
205.04,Allen,3237.49,269777,1950,2,3,0
159.79,Durham,445.15,424000,2001,3,3,1
154.96,Hillsborough,161.87,253998,2017,3,3,0
139.73,Orange,890.31,425000,1958,2,3,1
195.93,Pima,930.78,595000,1955,3,5,0
269.33,Maricopa,687.97,689000,2023,3,4,0
168.34,Brevard,1375.93,479000,1983,2,3,0
127.09,Wake,445.15,525000,2017,3,3,0
217.95,Canadian,1570.99,334500,1983,3,4,0
231.51,Washington,2751.86,479000,2025,3,4,0
140.47,Hardin,2792.33,225000,2002,2,3,1
471.02,Clark,1011.72,750000,1994,4,4,0
178.93,Spokane,728.43,370000,1999,2,3,0
371.61,Siskiyou,283280.19,600000,1977,2,3,0
160.54,Duval,161.87,299000,2009,3,3,0
136.47,Rabun,404.69,299000,1950,2,3,0
145.67,Cuyahoga,408.73,499000,1890,2,3,0
284.0,Washington,1578.28,850000,1970,3,4,0
138.52,Jackson Co.,2954.21,289000,2002,2,3,0
167.32,El Paso,566.56,352950,2025,3,4,0
174.94,Hennepin,1416.4,399900,1997,2,4,0
115.94,Maricopa,40.47,326000,1977,2,2,0
102.19,Erie,607.03,265000,1961,2,3,0
420.2,Caledonia,49776.38,589900,2009,3,3,1
286.7,Rockingham,1052.18,820000,2025,4,5,0
147.16,East Baton Rouge,809.37,159000,1965,2,3,0
162.12,El Paso,526.09,299000,2018,3,4,0
257.43,Oregon,930777.81,1250000,1940,1,3,0
138.52,Jackson,2954.21,289000,2002,2,3,0
67.45,Shiawassee,890.31,124900,1895,1,2,1
107.02,Montgomery,4046.86,59000,1999,2,4,0
237.27,Fulton - GA,4422.0,1075000,1992,5,6,0
198.63,Mecklenburg,667.73,525000,2007,2,3,0
263.57,Cobb - GA,1827.56,649900,1985,3,5,0
250.47,STAFFORD,3358.89,600000,1996,4,4,0
189.52,Montcalm,526.09,599900,1970,2,3,0
318.66,Cobb,1829.18,649900,1985,3,5,0
194.35,Summit,881.81,219000,1906,2,4,0
197.98,Hennepin,1497.34,399900,1971,2,4,0
300.08,Grand Traverse,2387.65,650000,2002,4,4,1
117.06,Winnebago,485.62,149900,1920,2,4,1
128.86,Lee,1456.87,329000,1990,2,2,0
183.76,CHESTER,161.87,475000,2019,3,3,0
119.57,Richmond,1456.87,45000,1956,2,3,0
282.43,Leon,768.9,550000,2001,6,6,0
110.37,Henry County,1295.0,138000,2001,2,3,0
0.37,Al Counties,1173.59,42600,1990,1,2,0
125.88,Benton,768.9,268000,2024,2,3,0
254.93,BALTIMORE CITY,121.41,319999,1913,5,4,0
213.77,New Hanover,1659.21,455000,2001,3,4,0
147.16,Crawford,1375.93,229000,1969,2,3,0
113.62,Macomb,445.15,159900,1946,1,4,0
140.28,Orange,8296.06,455000,2025,2,3,0
195.75,MADISON,5665.6,359900,2018,2,4,0
412.12,San Bernardino,1725.3,1594000,1999,4,5,1
150.5,Southampton County VA,4492.01,280000,2016,2,4,0
105.54,Lawrence,283.28,135000,1930,1,3,1
185.62,Brevard,445.15,409900,2006,2,3,0
232.26,Hardin,2144.84,315000,1977,2,3,0
235.79,WASHINGTON,202.34,1149900,1910,4,5,0
313.18,Dallas,1052.18,1779000,1959,4,3,0
197.88,Taney,16915.88,239500,1952,2,2,1
109.9,Vanderburgh County,809.37,130000,1945,1,3,1
204.67,Lee,930.78,650000,2021,2,3,0
182.37,Oklahoma,724.79,279000,2005,2,3,0
175.68,Escambia - Fl,475.51,499000,1977,3,3,0
303.51,Clackamas,809.37,750000,2004,3,5,0
249.26,Paulding - GA,1537.81,403000,1996,3,3,0
313.27,Wake,890.31,815000,2015,4,5,0
201.88,Lee,1084.56,535000,1983,3,4,0
150.5,PRINCE GEORGES,283.28,470000,2023,4,4,0
197.88,Pike,4289.67,549999,2007,3,3,1
350.8,Butler,1332.63,475000,1995,4,4,1
249.72,Dakota,1295.0,485000,1999,3,5,0
208.01,Wayne,15539.94,449000,1990,3,3,1
174.38,Tompkins,1618.74,420000,1965,3,5,1
228.17,Hamblen,33508.0,699900,1987,3,3,0
281.22,Manatee,2185.3,825000,2007,3,4,1
178.37,Harnett,1861.56,354706,2025,3,4,0
284.19,Towns,3035.15,949000,2025,3,3,1
291.53,Anderson,3237.49,619900,2016,4,4,0
122.54,Dallas,781.04,337500,2005,2,5,0
426.24,Richland,3480.3,825000,2000,4,4,0
170.57,Queens,167.14,1150000,1965,2,3,0
316.33,Jackson,9469.65,1200000,1998,3,5,0
194.63,Monmouth,971.25,689000,1957,2,3,0
385.55,Kendall,5054.12,624900,1995,4,4,0
85.38,Lee,804.52,174900,1989,2,2,0
89.0,Monongalia,2173.16,214999,1983,1,3,1
613.53,Coos,23309.91,479900,1979,2,4,0
235.7,Orange,405.99,2250000,2015,3,4,0
297.29,Apache,20234.3,1307000,2025,3,3,0
124.86,MONTGOMERY,161.87,400000,1988,4,4,0
183.58,"Johnson, KS",804.52,405000,1998,3,4,0
124.86,Rhea,3277.96,375000,1998,2,3,0
179.4,Shelby,6677.32,635000,2025,2,3,1
345.97,Saline,44313.12,575000,1981,3,4,0
228.91,Allegan,1133.12,474900,1970,3,4,0
102.47,WASHINGTON,121.41,675000,1941,2,3,0
133.78,Lexington,408.73,259000,2025,3,3,1
105.91,Knox County,1699.68,91000,1910,2,2,1
80.27,Henrico,1027.5,297000,1951,1,2,0
144.56,BALTIMORE CITY,404.69,449999,1905,3,3,0
229.38,Aiken,1295.0,646750,2025,4,5,0
175.59,Pinellas,16187.44,990000,1983,3,3,1
125.14,St. Charles,566.56,315000,1993,3,3,0
262.45,Madison,5139.51,399900,1970,3,5,1
215.16,Butts,2832.8,386900,2025,3,4,0
191.75,Mecklenburg,647.5,383000,2001,3,4,0
136.29,Jackson,1456.87,205900,1975,2,3,0
261.89,Nueces,2306.71,755492,2025,4,4,0
207.92,Nueces,768.9,475000,2014,2,4,0
160.72,Dorchester,687.97,359999,2003,2,3,0
178.84,Manatee,242.81,329000,2021,3,3,1
222.41,Daviess County,1780.62,319900,1985,3,3,1
274.25,Niagara,930.78,199900,1890,2,5,0
320.33,WASHINGTON,202.34,1000000,1874,3,6,0
419.18,Cerro Gordo,509.9,2675000,1941,4,7,1
59.83,Los Angeles,312.06,632999,1923,2,2,1
109.81,Tulsa,768.9,215000,1951,1,3,0
146.51,Allen County,971.25,368900,2024,2,3,1
244.89,Mecklenburg,930.78,595000,2003,3,4,0
105.82,Columbia,1011.72,265000,2006,1,3,1
143.44,GLOUCESTER,1375.93,339900,1940,2,3,0
209.59,Trumbull,3164.64,265000,1964,2,3,0
97.55,Knox,15904.16,205000,1994,2,2,1
341.33,Sedgwick,1456.87,415000,1997,3,5,1
174.75,Butte,687.95,572000,2001,3,4,0
166.48,Nassau County,696.87,799000,1888,3,4,0
113.06,Fayette,908.12,249900,1987,2,3,1
328.04,Canyon,3492.44,1025000,2005,4,4,0
474.92,"Johnson, KS",1078.49,885000,2006,6,5,1
140.1,Cuyahoga,445.15,165000,1940,2,3,0
145.39,Charleston,890.31,595000,1974,3,3,0
222.04,Hawkins,2792.33,370000,1977,3,3,0
192.4,Gwinnett - GA,1052.18,440000,2017,3,4,0
150.5,LAWRENCE,2589.99,74900,1934,2,3,0
195.28,Grimes,20638.99,590000,2006,3,3,0
171.78,BALTIMORE,1011.72,399000,1947,3,4,0
219.07,Tuolumne,19465.4,1200000,1988,2,4,0
187.76,Cleveland,849.84,325000,2003,2,3,0
196.58,Riverside,246.19,500000,2023,4,4,1
109.25,Sarasota,1011.72,340000,1960,2,3,1
370.59,Gregg,2832.8,815000,1999,5,5,0
133.69,Marion,1740.55,263000,1975,2,3,0
209.59,Lackawanna,4046.86,289900,1990,3,3,1
204.2,Los Angeles,1490.63,2399000,1953,2,3,1
273.88,Greene,3075.61,619000,2005,4,4,1
165.27,Spartanburg,2509.05,324900,2005,3,3,0
173.91,Queens,371.5,1150000,1955,2,5,0
207.73,Barrow,1011.72,409000,2021,3,4,0
641.31,Mecklenburg,4289.67,2850000,2007,7,6,0
234.12,Gilmer,3035.15,449000,2003,3,3,0
250.84,Collier,2023.43,2697500,2022,3,4,0
174.19,Marion,971.25,350000,2006,2,3,1
329.62,Clay,1375.93,550000,1990,5,4,0
141.49,San Diego,4923.96,859000,1989,3,3,1
116.59,Jefferson,809.37,225000,2008,2,3,1
90.49,Polk,857.93,217500,1954,2,3,0
202.71,Orange,2023.43,499900,1983,2,3,1
92.16,Pulaski,1092.65,229000,1947,1,3,0
151.15,Maricopa,728.43,404999,1999,2,2,0
291.16,Jefferson,809.37,519000,2021,3,4,0
92.16,Polk,651.54,199000,1940,1,2,0
157.94,Barry,80937.2,599500,2001,2,4,1
222.97,Rhea,1861.56,339900,2002,2,3,0
160.54,Franklin,728.43,235000,1963,2,3,1
187.66,Fayette - GA,323.75,1075000,2019,3,4,0
311.41,Douglas,923.92,425000,1992,4,5,1
62.43,Marion,1173.59,88750,1974,1,1,1
156.08,Heard,7810.44,254000,2002,2,3,0
229.19,Maricopa,728.43,649900,2024,3,3,0
131.92,Mohave,445.15,210000,1988,2,3,0
113.16,Hamilton,562.51,289000,1925,1,2,1
140.47,Calhoun,323.75,174900,1915,2,3,1
151.62,Wilson,1456.87,196900,1982,0,4,0
151.62,Wilson,1456.87,196900,1982,2,4,0
218.14,Dutchess County,4370.61,599900,1973,3,3,1
361.49,ADAMS,2630.46,595000,2014,4,5,0
110.74,Brunswick,687.97,289900,2007,2,3,0
124.77,HIDALGO,809.37,229000,2025,2,3,0
135.82,Lowndes,809.37,219900,2020,2,4,0
142.23,Lee,870.07,340000,1981,2,3,0
338.82,Bernalillo,4168.27,895000,2000,5,4,0
145.67,Franklin,768.9,639900,1924,2,4,1
204.39,Grand Traverse,20274.77,495000,2001,3,5,1
135.27,"Bell County, KY - 59",1618.74,75000,1922,1,3,0
130.06,Henry,2792.33,260000,1983,2,3,1
111.02,Wayne,445.15,162000,1946,2,3,1
213.68,Baldwin,1740.15,399000,2007,4,3,0
112.97,Lauderdale,1861.56,79900,1995,2,3,1
188.59,Monroe,8296.06,299900,2025,1,1,0
93.09,Wayne,526.09,78000,1924,1,3,0
162.58,Hennepin,202.34,364900,1972,2,3,0
249.72,Litchfield,8619.81,675000,1997,3,4,0
352.38,MONTGOMERY,3318.43,889000,1987,3,4,0
229.56,Orange,566.56,525000,2019,3,5,1
153.38,Cape Girardeau,692.01,239000,1935,2,3,1
151.25,Mohave,526.09,293000,2001,2,3,0
185.99,Marion,647.5,475000,2003,2,3,1
326.46,Larimer,142449.47,850000,2006,4,4,0
117.06,Fairfield,4046.86,165000,1960,2,3,0
78.87,Charlton,102304.63,330000,2024,1,2,0
148.64,SHENANDOAH,890.31,499000,2025,2,3,0
285.4,Walton,8093.72,799000,2025,4,4,0
166.58,Aiken,242.81,369000,2017,2,2,0
232.44,Maricopa,687.97,570000,2012,3,4,0
129.32,Middlesex,696.87,499900,1969,2,3,0
274.62,Maricopa,687.97,484900,2007,3,4,0
644.38,Weld,8417.06,1150000,2006,3,5,1
201.14,Santa Fe,1456.87,1150000,2021,3,3,0
228.54,Cuyahoga,902.85,177000,1954,2,4,0
96.43,Oconto,33831.75,725000,1952,1,3,1
140.84,Marion,566.56,309500,2002,2,2,1
212.56,Sandoval,2023.43,640000,2025,3,3,0
321.91,Saratoga,3439.83,1299999,2012,5,4,0
164.53,Dawson - GA,2589.99,499999,1994,3,4,0
245.26,Rockwall,849.84,621279,2025,4,3,0
156.45,Pinellas,485.62,625000,1957,2,2,1
299.8,Mecklenburg,651.54,965000,2005,4,4,0
148.37,Hennepin,3403.41,319900,2001,2,3,0
144.28,Lubbock,607.03,210000,2000,2,3,0
106.65,Johnston,40.47,228900,2003,2,2,1
122.63,PRINCE WILLIAM,121.41,349900,1981,3,3,0
363.81,Okaloosa,809.37,1287883,2025,5,6,0
142.42,Anoka,161.87,295000,1999,2,3,0
184.32,Spokane,404.69,365000,1927,1,3,0
161.0,Orange,17590.56,1374999,2017,3,3,0
140.38,Polk,4779.34,359000,1949,2,3,0
224.08,Ada,1335.46,979900,2022,3,3,0
153.2,Henderson,679.87,539000,1975,2,2,0
281.12,Dakota,1416.4,599777,1977,4,5,0
234.58,Kenton,202.34,209900,1899,0,5,0
79.25,Hubbard,5058.58,215000,1990,1,2,0
43.11,Travis,115.34,159900,1984,1,1,0
138.89,Lee,890.31,380000,1998,2,3,0
130.25,Maricopa,1133.12,359000,1960,2,3,0
97.55,Bernalillo,404.69,269900,2001,2,2,0
133.5,Mohave,687.97,235000,1967,2,3,0
306.3,Cobb,671.78,510000,2002,4,3,0
124.03,Ada,283.28,475000,1994,2,2,0
141.21,MONTGOMERY,121.41,489900,1997,4,3,0
192.5,Brevard,2792.33,544750,2014,3,4,0
580.83,Cook,9469.65,949000,1968,8,5,0
111.3,Stanly,5341.86,329000,2022,2,3,0
62.62,Orange,4041.66,220000,1982,1,1,1
176.24,Lake,647.5,699900,2023,2,3,1
169.08,Logan,1104.79,160000,1930,2,3,0
200.11,Los Angeles,706.44,1399000,1965,4,5,1
235.79,Washington,809.37,620000,1976,3,3,0
173.17,Sedgwick,1133.12,240000,1985,2,3,1
191.29,Dubuque,1254.53,289500,1952,2,4,1
153.57,BALTIMORE,566.56,539900,1957,3,3,0
116.5,Perry,25859.44,249000,1975,2,2,0
160.44,DeKalb,687.97,360000,1950,2,3,0
115.85,St. Louis,930.78,249999,1980,2,3,0
111.48,Cumberland,16187.44,639000,1945,1,3,1
141.21,Hidalgo,679.87,245000,2025,2,4,0
363.81,Williamson,1216.49,759000,2001,4,4,0
144.0,WASHINGTON,121.41,419000,2001,3,3,0
16.91,Oxford,10117.15,499000,1920,2,5,1
236.16,Pulaski,1254.53,295000,1978,3,4,1
101.08,St. Louis,226.62,174900,1968,2,2,1
140.38,Lane,971.25,549000,1974,2,3,0
188.04,Washington,607.03,569990,2025,2,3,0
102.66,Saginaw,607.03,57300,1904,1,3,0
145.11,Sebastian,2815.4,186000,1962,3,3,0
141.86,Coryell,730.46,184900,1976,2,3,0
201.6,Hendricks,971.25,339900,2002,3,3,0
139.08,Mohave,1011.72,489900,2004,2,3,0
277.04,LINCOLN,7243.88,249999,1950,2,2,0
148.27,Erie,668.95,299900,1949,2,4,1
164.62,Maricopa,485.62,534850,2021,3,3,0
133.5,Mohave,607.03,219900,1986,2,2,0
201.14,Allen County,1829.18,475000,1999,4,3,1
455.6,MONTGOMERY,809.37,750000,1994,4,5,0
103.03,Warren,1821.09,129900,1977,1,2,0
125.51,Mohave,445.15,249900,1999,2,3,0
165.37,Gilmer,6879.66,449900,1999,2,2,0
267.0,Hall - GA,3156.55,1050000,1972,3,4,0
140.28,Clay,445.15,279900,1989,2,3,0
252.42,Santa Clara,357.34,2799888,2013,3,4,0
122.63,Ulster,74057.53,579000,1954,2,3,0
199.93,Dubuque,728.43,310000,1952,3,4,1
188.78,Lee,824.35,589000,2020,3,4,0
126.72,Coryell,1126.24,224900,1975,2,3,0
202.16,Rogers,4046.86,329000,2001,2,3,0
362.51,ARLINGTON,485.62,1844000,2025,6,5,0
108.79,Santa Clara,69.2,1188000,1984,3,2,0
224.64,Strafford,1982.96,724900,1988,3,4,0
133.69,Aiken,890.31,195500,2003,2,3,0
302.86,Bedford,2792.33,1725000,2022,4,4,0
278.71,Putnam,36421.74,399000,1992,3,4,0
97.55,Rockland County,40.47,480000,1967,2,2,1
148.74,San Francisco,220.15,995000,1986,3,3,0
139.73,Orange County,627.26,324999,1913,2,3,0
166.58,Bexar,687.97,230000,1950,2,4,1
119.19,Wayne,485.62,142000,1941,2,3,0
88.44,Floyd,687.97,149900,1925,1,2,0
124.86,Jefferson,242.81,74900,1900,2,4,1
196.3,Cass,918.64,249000,1966,2,3,0
200.21,Nassau County,557.25,869000,1991,3,6,1
364.46,Santa Clara,2080.9,4998000,1955,4,5,0
166.02,Tom Green,1602.56,280000,1988,2,3,0
108.7,Genesee,849.84,158900,1956,2,3,1
93.65,Clark,526.09,119900,1918,1,3,1
191.84,Orange,4168.27,635000,2006,2,3,1
102.56,Spokane,445.15,349000,1901,3,4,0
304.16,Johnston,4896.7,574900,2016,4,4,1
122.26,Story,1295.0,275000,1972,3,5,0
385.18,Stearns,2023.43,475000,1965,3,4,0
422.62,Bexar,3844.52,1275000,1997,3,5,0
229.28,Maricopa,687.97,1500000,1999,3,2,0
419.46,LOUDOUN,12181.05,1279999,2000,4,5,0
86.96,Ashley,4087.33,32000,1968,1,3,0
174.1,Sarpy,1023.79,320000,1998,3,3,1
93.0,Richmond,526.09,172000,1916,1,2,0
112.32,Brown,1897.98,149500,1975,1,2,0
144.09,Lubbock,485.62,240000,2021,2,4,0
299.89,Dane,1699.68,1000000,1968,4,4,1
85.84,San Bernardino,85.84,47000,1985,2,2,0
417.88,Washoe,1578.28,2780000,2026,5,4,0
150.32,Harnett,1861.56,324706,2025,2,3,0
166.39,Pinellas,242.81,650000,1947,0,2,0
284.56,Stanislaus,1995.65,745000,2025,4,4,1
140.47,Habersham,4087.33,349900,2004,2,3,0
151.62,Maricopa,283.28,475000,2018,2,2,0
131.55,Clarke,1982.96,259000,1956,2,2,0
341.42,Jefferson,2589.99,339000,1959,4,3,1
175.12,Hidalgo,712.65,240000,1983,2,3,0
161.56,Outagamie,647.5,179900,1892,1,4,1
139.63,Clark,445.15,400000,2019,2,3,1
213.12,Aiken,2023.43,309900,1966,2,3,1
355.26,Monmouth,3156.55,2549000,1996,4,5,0
176.79,Camden,1254.53,414000,2023,3,3,0
66.89,Mohave,283.28,91000,1971,1,3,0
442.5,Ozaukee,2994.68,950000,1991,5,5,0
108.98,Knox,3763.58,360000,2025,2,3,1
131.55,Clarke,1982.96,259000,1956,2,2,0
190.45,FREDERICK,283.28,429900,2001,4,3,0
238.39,Nelson,51637.93,499900,1973,3,3,0
228.17,Brown-MN,1740.15,289500,1992,2,4,0
231.7,Hancock,641.02,219000,1958,2,3,0
117.62,St. Johns,607.03,599000,1885,2,3,0
150.5,Lee,930.78,359900,2020,2,4,0
209.22,Fannin,8741.22,625999,2021,3,4,0
125.79,Macomb,971.25,249999,1955,2,3,1
147.72,San Diego,2954.21,829900,1975,2,3,0
298.31,Jefferson,728.43,385000,2007,3,4,1
148.83,Mille Lacs,13759.32,359900,1985,2,3,0
104.05,Lake,687.97,47000,1995,2,3,0
339.1,St. Charles,1513.53,839000,2022,4,4,1
157.94,Clinton,526.09,196500,1900,1,4,0
212.75,"Johnson, KS",890.31,450000,2001,3,4,1
134.43,Rowan,1942.49,244900,1941,1,4,0
118.17,Ottawa,566.56,114900,1942,1,3,0
168.99,Santa Cruz,2873.27,292900,2007,2,3,0
113.53,San Bernardino,627.1,449999,1993,2,3,0
186.18,Stearns,1497.34,300000,1968,2,5,0
120.96,Wake,1011.72,335500,1998,2,3,0
151.62,Harrison,991.48,257500,1957,1,3,1
148.83,Tarrant,764.86,289749,2025,2,3,0
142.7,Dixie,4087.33,259900,2020,2,3,0
118.92,BALTIMORE,202.34,329900,1987,3,3,0
151.62,San Diego,728.43,975000,1985,2,4,0
75.16,Alameda,2185.3,498000,1962,1,2,0
170.94,Kent County,485.62,305000,1922,2,4,0
293.48,GARRETT,3925.45,474900,1972,3,4,0
194.63,Suffolk County,1375.93,799000,1962,4,5,0
167.69,Wayne,2104.37,385000,1990,3,3,1
129.6,Mohave,1052.18,384900,2001,2,3,0
161.93,ANNE ARUNDEL,1740.15,649900,1940,3,4,0
263.84,Charleston,1011.72,3150000,1965,4,6,0
315.41,Bexar,768.9,739000,1991,3,4,1
119.66,Langlade,704.11,169000,1942,1,3,1
173.91,Lake,2118.13,275000,1967,2,3,0
115.2,Sarpy,557.42,236000,1961,2,3,0
312.15,Carroll,16187.44,629900,1975,3,4,0
139.45,Rabun,5301.39,468000,2006,3,3,0
184.6,Fulton,1914.16,465000,1950,3,4,0
113.53,Henderson,4451.55,40000,2018,2,3,0
65.03,Gilmer,3965.92,450000,1990,1,2,1
122.63,Jackson,80.94,200000,1988,2,2,1
206.8,Ingham,6029.82,379900,1975,2,5,1
223.9,Nassau County,404.69,1498000,1925,4,5,0
338.91,Larimer,323.75,599990,2025,3,3,0
311.23,Garland,1497.34,819900,2025,4,4,0
143.63,Mohave,121.41,549500,2007,2,3,0
65.03,Ocean,80.94,240000,1979,1,1,0
236.07,"Crawford, KS",1385.24,274500,1969,3,4,1
160.16,Monongalia,1254.53,350000,2016,3,3,1
245.54,Dekalb - GA,1578.28,335000,1964,3,3,0
219.34,Travis,39347620.0,2103800,1951,3,4,0
176.14,Ventura,890.29,1499000,1976,2,3,1
70.05,Polk,607.03,120000,1954,1,2,1
243.87,Yalobusha,13759.32,380000,2007,2,3,0
88.26,New Haven,607.03,359900,1950,1,3,0
344.21,Lavaca,15701.82,495000,1931,5,5,0
113.81,Ray,52609.18,265000,1991,1,2,1
386.85,Jefferson,647.5,1250000,1928,5,5,1
129.04,Pulaski,809.37,189900,1950,2,2,0
239.88,Collier,930.78,2900000,2020,3,4,0
170.94,Pickens,445.15,449777,2021,3,2,0
283.35,Los Angeles,1259.21,2649000,2025,5,5,0
208.66,Summit,2808.12,249900,1971,3,4,0
122.63,PRINCE GEORGES,121.41,379900,1996,4,3,0
157.38,Lexington,526.09,264900,2009,3,3,1
124.68,Douglas,267.56,185000,1900,2,4,1
269.42,Kent,2266.24,670000,2016,4,5,0
447.61,Garland,1416.4,2250000,2025,4,4,0
139.35,Lincoln,16187.44,379000,2020,2,3,0
180.6,Clinton,364.22,259900,2011,3,2,0
179.12,Knox County - 1,1052.18,489000,1994,2,4,0
98.11,Ada,817.47,375000,1960,1,3,0
108.98,Los Angeles,696.96,799000,1959,2,3,0
230.21,Clay,2428.12,519000,1986,2,4,0
100.71,Sangamon,485.62,135000,1939,1,2,1
128.58,Nassau County,464.58,899999,1925,2,4,0
290.32,Cobb,125.45,674999,2018,4,3,0
193.61,Licking,1214.06,439900,2019,2,3,0
93.65,Tippecanoe County,607.03,199900,1951,1,3,1
192.22,San Bernardino,701.42,899000,1991,3,3,0
77.85,Polk,651.54,128000,1922,1,3,0
85.75,Victoria,696.87,124900,1943,1,2,0
219.07,Henry,566.56,299900,2003,3,4,0
197.7,Jefferson,687.97,259900,1968,2,3,0
79.15,Ocean,404.69,599999,1947,1,2,1
211.82,Kings (Brooklyn),213.86,1898000,1925,4,4,0
118.92,MANASSAS PARK CITY,849.84,450000,1957,1,3,0
205.13,Watauga,8457.94,1995000,1924,3,4,0
153.66,Bexar,1416.4,258000,1968,2,3,1
75.81,Marion,566.56,164900,1945,1,3,1
192.77,DeKalb,2873.27,250000,1966,3,4,0
302.49,Boone,92268.41,729000,2007,0,4,0
192.96,DEKALB,3156.55,359000,2005,2,3,0
145.58,Oakland,2792.33,475000,1965,2,3,0
141.21,Carteret,2428.12,450000,1996,2,3,0
633.78,Canyon,3723.11,1699000,2005,5,6,0
117.89,Brevard,80.94,300000,1986,2,2,0
222.97,Franklin,28328.02,199500,2006,2,4,0
101.45,Polk,991.48,247000,1959,2,3,0
155.06,Dallas,724.39,305000,1973,2,4,0
165.37,El Paso,202.34,450000,2021,3,3,1
162.3,Lee,882.22,310000,2017,2,3,0
248.24,Spokane,12707.14,599900,1977,2,4,0
115.01,YORK,566.56,245000,1950,1,3,0
274.53,Lake,1578.28,720000,2015,3,4,1
184.69,Tippecanoe County,8700.75,514000,2022,3,3,1
122.35,Granville,971.25,310000,1999,2,3,0
200.67,Granville,2104.37,378000,2004,3,4,0
151.62,Staten Island,272.86,850000,2003,4,4,0
208.85,Wake,1133.12,559000,1983,3,3,0
134.43,Comal,979.34,339000,2022,2,3,1
203.46,Winnebago,10926.52,379900,1984,3,3,1
221.2,Escambia - Fl,1726.39,479000,1995,3,3,0
194.82,Wayne,1092.65,449900,2001,3,4,0
176.7,Milwaukee,445.15,399900,1936,2,3,0
297.29,Fannin,10359.96,1074900,2005,6,4,0
287.35,San Bernardino,891.87,480000,1990,2,3,1
142.33,Midland,558.47,325000,2025,2,3,0
215.81,Maricopa,849.84,513000,2012,2,2,0
134.52,Washington,849.84,475000,2023,2,3,0
74.32,Newaygo,359523.03,1085000,1960,2,2,0
267.75,Wake,728.43,650000,2025,3,4,0
353.4,Collier,2063.9,1475000,1958,6,6,0
118.92,Linn,1177.64,229950,1962,2,3,0
111.2,Tom Green,651.54,195000,1956,2,3,0
251.3,LEE,1375.93,559574,2025,3,4,0
152.45,Mohave,647.5,419900,2024,2,3,0
207.36,Portage,2670.93,275000,1930,2,4,0
261.34,Bexar,2634.51,555000,1991,3,4,1
229.28,La Porte County,3884.99,444900,2020,3,3,1
300.08,Pike,26506.93,599999,2003,3,3,1
113.81,NEW CASTLE,161.87,235000,1920,2,3,0
99.87,Fairfield,1214.06,429000,1959,1,3,0
147.07,Mohave,971.25,389000,1996,2,3,0
81.75,Dutchess County,40.47,215000,1963,1,2,0
112.41,Durham,4006.39,950000,1935,2,3,1
152.45,Mohave,647.5,419900,2024,2,3,0
71.35,Barnstable,809.37,540000,1960,2,2,0
227.8,Linn,2298.62,340000,1955,3,4,1
153.58,Clark,1919.02,199900,1950,2,3,1
172.61,Beaufort,2711.4,275000,2004,2,3,0
159.79,Forsyth - GA,89.03,365000,2008,4,3,0
134.52,Steuben,1295.0,125000,1910,1,3,0
82.13,Henry - GA,4046.86,155000,1960,1,3,0
250.09,Gwinnett,1254.53,429000,1999,3,5,0
82.13,Henry County,4046.86,155000,1960,1,3,0
200.67,Missoula,83608.13,935000,1980,2,3,0
204.2,Hillsborough,404.69,589900,2021,3,4,1
170.66,Lee,971.25,359900,2005,2,4,0
301.75,Wake,566.56,825000,2006,4,5,1
108.79,Riverside,809.37,499900,1988,2,3,1
153.29,Wyandotte,1092.65,265000,1950,2,4,0
92.9,Lynchburg,574.65,198500,2011,2,2,1
124.21,Jackson,4775.29,219000,1940,1,3,1
153.85,Lee,2721.92,425000,2007,2,3,0
367.15,Maricopa,647.5,815000,2010,4,6,0
185.53,Fulton,465.39,279900,2005,3,4,0
151.25,Douglas,448.72,240000,1918,2,3,1
255.48,Ozark,156249.27,545000,1978,3,4,0
236.25,Wyandotte,1335.46,354900,1993,4,4,1
330.27,Bronx County,232.29,1000000,1910,4,8,0
124.21,Jackson,4775.29,219000,1940,1,3,0
312.34,Washington,40104.38,819000,2009,4,4,0
227.61,Multnomah,485.62,759000,1925,3,4,0
115.01,Summit,114.93,250000,1989,2,3,0
244.33,San Francisco,214.08,3249000,1925,4,4,0
284.75,Thomas,4208.73,625000,1978,3,3,1
118.92,Leon,364.22,215000,1996,4,4,0
94.11,Milwaukee,607.03,249900,1955,1,3,0
279.64,Los Angeles,2147.67,1695000,1998,4,5,0
284.75,Thomas,4208.73,629000,1978,3,3,1
249.54,Mohave,1011.72,629900,1999,3,3,0
155.61,NEW CASTLE,202.34,189500,1915,2,3,0
219.07,Lane,607.03,485000,1978,3,4,0
292.09,Campbell,364.22,450000,1887,4,4,0
332.96,Putnam,20234.3,539500,2013,3,4,1
180.42,Wyandotte,2063.9,245000,1946,2,3,0
119.75,Rogers,3739.3,239900,2004,2,3,0
997.59,Warren,36421.74,990000,1935,0,10,0
153.57,Jefferson,849.84,269000,1973,3,3,1
266.63,WASHINGTON,242.81,1949000,1910,3,4,0
270.63,Chatham,566.56,790000,1995,3,3,0
230.59,Paulding - GA,2832.8,500000,1998,4,5,0
84.73,Fulton - GA,84.58,255000,1970,1,2,0
169.73,YORK,1133.12,325000,2003,2,3,0
209.59,Portage,7729.5,435000,1985,2,4,1
131.55,Logan,404.69,209900,1900,1,3,0
159.05,Pima,647.5,698000,1947,2,2,0
319.49,Richland,1861.56,619900,2005,4,4,1
164.53,Christian,2347.18,229000,1940,2,4,0
132.85,Jackson,362.19,120000,1935,1,3,0
120.03,Jackson,3804.05,218900,1950,1,3,0
187.11,Denver,323.75,535000,1998,4,4,0
133.78,Ocean,1578.28,1349000,1950,2,3,0
727.24,Douglas,2339.09,1999999,2006,6,4,1
355.82,Durham,5382.32,1990000,1984,4,3,1
156.17,Camden,1295.0,349000,1956,2,3,0
177.26,BALTIMORE CITY,40.47,450000,1875,4,3,0
157.94,Chatham County,80.94,529000,1977,4,3,0
167.97,Lyon,687.97,289000,1920,3,4,0
229.1,Robertson,1044.09,259000,1974,3,4,0
141.49,Warren,768.9,292900,2025,2,3,0
243.68,WARREN,16713.53,500000,2005,2,3,0
141.4,Dekalb - GA,445.15,195000,1990,3,3,0
113.71,PHILADELPHIA,161.87,234900,1950,2,3,0
246.94,Wake,809.37,425000,2004,3,4,1
227.61,Washtenaw,4127.8,735000,2025,3,4,0
155.8,BALTIMORE CITY,161.87,199900,1953,3,3,0
156.63,Onslow,2023.43,315900,2026,3,3,0
149.95,BALTIMORE,647.5,385000,1985,2,3,0
143.81,WARREN,3682.64,399000,1946,2,3,0
175.59,Elkhart County,2306.71,299900,1972,2,3,1
263.75,Stevens,72843.48,775000,1944,3,4,0
163.04,Snyder,809.37,350000,1954,3,4,0
186.55,Los Angeles,646.42,1650000,1955,3,4,1
132.85,FREDERICK,404.69,349500,1927,1,3,0
164.25,Spokane,15094.79,449000,2016,2,3,0
260.13,Fayette,752.72,520000,1990,4,4,0
519.61,Cobb - GA,2003.2,1000000,2003,5,4,0
138.24,Hamilton,728.43,295000,2025,2,4,0
185.81,ANNE ARUNDEL,202.34,560000,2021,4,4,0
284.56,Stanislaus,2054.18,745000,2025,4,4,1
114.46,Tippecanoe County,732.48,75000,1987,2,3,1
170.57,Harris,5422.79,595000,1983,3,3,0
116.87,Hamilton,797.23,369900,1950,2,3,1
278.8,Tulsa,999.57,604000,2019,3,3,0
410.82,Forsyth - GA,930.78,750000,2010,5,6,0
267.93,FREDERICK,445.15,620000,2019,4,3,0
272.58,Walworth,4289.67,440000,1992,3,5,0
134.9,Cobb - GA,158.23,299900,1984,3,2,0
164.25,Mohave,647.5,479000,2022,2,3,0
148.27,Brazos,687.97,318000,2021,2,4,0
170.48,Santa Rosa,635.36,335000,2021,2,4,0
164.25,York,5827.48,549999,2025,3,3,1
322.37,Trempealeau,23067.1,650000,1996,3,4,0
302.21,Fulton - GA,550.37,929000,2025,5,4,0
74.32,Franklin,4046.86,990000,1979,1,2,1
212.93,Bastrop,16584.03,500000,1974,2,3,0
159.42,Spartanburg,3399.36,344900,2025,2,3,1
194.54,Hillsborough,1133.12,510000,1974,3,4,1
185.81,Calhoun,1300.66,550000,1976,2,4,0
158.77,Lee,934.82,334900,2005,2,4,0
95.13,BALTIMORE,161.87,100000,1960,1,3,0
220.37,Woodford,7931.85,472900,1975,3,3,1
167.32,Saginaw,1780.62,505000,2015,3,3,1
147.62,Nassau County,501.81,749000,1954,3,5,0
119.1,Hancock,1092.65,130000,1957,2,3,1
126.16,Jackson,3035.15,315000,1998,2,3,0
150.87,Lancaster,594.12,310000,1990,3,3,1
349.59,Walton - GA,3723.11,455000,1999,4,5,0
274.71,Mohave,1780.62,2229000,2020,4,4,0
289.95,Seminole,1214.06,1125000,2000,4,4,1
345.6,Oklahoma,1458.08,975000,2011,5,4,0
206.43,Fairfield,202.34,439900,1909,2,5,0
229.66,Charlotte,768.9,534500,2024,3,4,0
381.0,Fayette,647.5,645999,2019,4,4,1
215.35,Clark,364.22,425000,2006,3,4,1
181.53,Manatee,607.03,441000,2015,2,3,1
133.41,Oakland,1052.18,315000,1963,2,3,1
289.86,Jefferson,971.25,645000,2025,4,3,1
148.64,Lee,924.3,395000,2025,2,3,0
134.9,Cobb,161.87,299900,1984,3,2,0
106.47,Marion,687.97,187000,1953,2,4,1
272.3,Alameda,526.09,1950000,2025,0,7,0
152.92,Jefferson,647.5,417000,2022,2,3,0
158.68,Lorain,930.78,199900,1958,2,3,0
238.48,Polk,6636.85,820000,2021,3,4,1
173.17,Anderson County - 30,1052.18,445000,1945,2,4,0
145.67,Cocke County - 39,8862.62,250000,1982,1,2,0
120.4,Monmouth,323.75,530000,1985,2,2,0
91.79,Clark,566.56,349900,1964,2,3,1
96.99,Tulsa,805.33,190000,1939,1,2,0
336.59,Travis,919.85,1199900,2000,4,5,0
191.47,Manatee,526.09,360000,2022,3,4,1
234.12,BALTIMORE,485.62,584500,1955,3,3,0
570.8,Fairfield,16713.53,2850000,1988,5,5,0
248.61,Baldwin,1436.64,649900,2022,4,4,0
74.32,Muskogee,2711.4,124900,2025,1,2,0
139.35,Waupaca,1618.74,250000,1991,1,3,1
137.4,Douglas,613.16,265000,1958,2,3,1
492.48,Hamilton,1456.87,1680000,2020,5,5,0
170.76,Yadkin,6495.21,289000,1951,1,3,0
183.86,York,364.22,600000,2010,3,3,0
315.87,Tulsa,335.89,900000,2016,4,2,0
191.66,New Haven,2954.21,459000,1996,3,4,0
204.11,Marion,2306.71,425000,1960,3,3,0
666.39,LOUDOUN,3723.11,1799888,2004,6,5,0
126.16,Sanders,602.98,375000,1911,3,3,0
209.03,CUMBERLAND,1497.34,445000,2004,3,4,0
79.71,Escambia - Fl,348.43,310000,1948,2,2,0
151.43,Cumberland,687.97,1100000,1971,2,3,0
107.02,MORGAN,20558.05,349900,2004,2,2,0
130.06,Summit,625.24,175000,1956,2,3,0
151.15,Wilkes,14164.01,292000,1978,2,3,0
261.52,SCHUYLKILL,3277.96,435000,2005,3,4,0
190.36,Burnet,2023.43,479000,1993,2,3,0
118.17,Lake,2044.07,279000,1953,2,3,0
111.67,Union,768.9,319900,1991,2,3,0
182.37,White,10117.15,310000,1993,3,3,1
109.53,Bexar,501.81,228900,2022,2,3,1
137.4,Pinellas,445.15,475000,1920,2,3,1
228.36,Marion,1416.4,440000,1991,3,3,0
162.67,Hancock,1375.93,255000,1996,2,3,0
308.44,Rutherford,303109.81,1250000,1992,5,5,0
205.59,Walton,890.31,649000,1995,3,4,1
98.48,Dekalb - GA,687.97,399999,1925,1,3,0
142.14,Johnston,2266.24,315000,2007,2,3,0
171.68,Cuyahoga,2063.9,324900,1958,2,4,0
138.33,Lubbock,445.15,268500,2022,2,3,0
338.45,Rock,6110.76,639900,2008,3,3,1
251.12,Los Angeles,792.18,1325000,1965,4,3,1
129.41,Somerset,930.78,205000,1900,3,2,1
28.8,Deschutes,4572.95,189000,1963,1,1,0
108.42,Clermont,82.96,175000,1974,2,2,1
151.8,New London,1942.49,460000,1962,2,3,0
256.41,Grand Traverse,1456.87,499000,1965,3,3,1
167.23,Northampton,837.7,309900,1900,1,4,0
108.88,PRINCE GEORGES,647.5,410000,1941,2,4,0
138.33,Mohave,1011.72,479000,2000,2,3,0
297.29,Lake,526.09,190000,1916,3,3,1
148.64,Lubbock,485.62,262715,2025,2,4,1
207.17,Polk,526.09,367000,2022,3,4,1
438.04,Douglas,978.27,499000,1999,5,5,1
286.05,Lee,4411.08,325000,1961,3,4,1
112.51,Carteret,4815.76,240000,1952,2,3,0
283.17,YORK,2144.84,529000,2014,3,4,0
200.39,Escambia - Fl,1659.21,339000,1987,2,3,0
262.82,Cobb - GA,1681.47,615000,1999,3,4,0
157.56,Roanoke,121.41,299950,1994,3,3,0
151.62,Stark,783.47,144900,1974,2,4,0
351.08,Washoe,930.78,1599000,2021,4,4,0
208.01,Rockland County,80.94,1175000,2000,2,2,1
240.8,Oakland,1052.18,430000,1978,3,4,0
210.7,Austin,8389.14,325000,1976,2,3,0
148.27,Saginaw,1011.72,277000,1972,2,3,1
111.86,Lee,930.78,289700,2021,2,3,0
151.8,Clackamas,890.31,599000,1977,2,3,0
169.64,Gwinnett - GA,1295.0,390000,1980,3,3,0
206.52,Rowan,687.97,225000,1900,1,5,0
86.96,Calhoun,1133.12,185000,1953,1,2,0
196.49,Lancaster,613.16,250000,1968,3,3,1
247.59,Escambia - Fl,1011.72,539900,2005,4,5,0
140.47,Spalding,971.25,225000,1946,2,3,0
248.14,Canyon,687.97,565000,2025,3,5,0
595.88,Dawson - GA,3318.43,2549000,1994,5,5,0
127.0,Hamilton,1214.06,270000,1959,2,3,1
219.07,Los Angeles,828.51,1685000,1949,5,5,1
412.4,Kewaunee,9712.46,2699900,2002,4,6,1
249.91,Wilson,7446.22,499000,2025,3,3,0
165.09,Lee,955.06,325000,2004,2,3,0
254.37,Loudon County - 32,809.37,1050000,2022,3,4,0
166.11,LaGrange County,2104.37,325000,1970,2,4,1
102.75,"Johnson, KS",851.05,200000,1945,2,3,0
263.19,Bryan County,768.9,510190,2025,3,5,0
178.93,Mecklenburg,1456.87,400000,1975,3,4,0
124.58,Denver,202.34,535000,2018,3,3,0
145.67,Alamance,1578.28,295500,2004,2,3,1
175.4,Columbia,4451.55,350000,2002,2,2,1
181.44,Pinal,566.56,369900,2005,2,4,0
115.94,St. Johns,6798.72,600000,1985,2,3,0
390.19,Hampton,638.59,1449000,1996,3,4,0
522.58,Jackson,1763.22,845000,1900,7,5,1
146.04,Mohave,930.78,447900,1994,3,3,0
194.07,Lake,983.39,799000,1965,3,4,0
130.71,St Lawrence,19222.59,75000,1920,1,3,0
318.01,Hampton,1052.18,484000,1951,4,5,0
255.67,Hillsborough,4330.14,679999,1985,3,4,1
150.5,Duval,566.56,939000,1978,3,3,0
67.63,Gladwin,768.9,69000,1988,1,2,1
165.74,Cherokee - GA,121.41,315000,2005,3,3,0
161.65,Douglas,516.91,275000,2000,3,3,1
107.02,Orange County,40.47,319000,1985,2,2,0
200.11,Henry - GA,4208.73,350000,2001,2,3,0
89.19,Johnson,80.94,115000,1968,1,2,1
190.92,Escambia - Fl,4532.48,325000,1983,2,3,0
97.18,Clermont,1861.56,230000,1955,1,3,1
163.51,Gregg,930.78,200000,1958,2,4,0
155.89,Hamilton,1537.81,450000,1920,2,3,0
221.02,Dane,445.15,450000,2006,3,3,1
139.91,Multnomah,566.56,485000,1904,2,4,0
129.6,HOWARD,121.41,369900,1972,2,4,0
107.4,Harrison,890.31,190000,2008,2,3,0
220.83,Dane,1173.59,549900,1997,3,3,1
185.81,CAMDEN,687.97,299000,1948,2,2,0
36.7,Nacogdoches,4046.86,106000,2023,1,1,0
159.42,Spartanburg,3804.05,344900,2025,2,3,1
209.96,Oklahoma,932.4,399900,2013,3,4,1
119.57,Dorchester,809.37,225000,1970,2,3,0
635.46,Lauderdale,4572.95,1500000,1986,4,0,0
410.82,Forsyth,930.78,750000,2010,5,6,0
252.14,Stark,1145.67,349900,1977,3,4,0
65.59,Lancaster,529.73,99000,1975,1,2,0
119.1,Monroe,2670.93,249000,1967,2,3,1
90.49,Hamilton,2306.71,235000,1968,1,2,1
152.92,FAIRFAX,80.94,584900,1996,3,2,0
123.0,DAUPHIN,161.87,159995,1948,2,3,0
182.83,Bexar,1234.29,300000,2005,2,4,0
181.44,Allen County,890.31,310000,1978,3,4,1
196.03,Jefferson,1173.59,390000,1970,3,3,1
195.1,Salt Lake,40.47,599000,1973,3,3,0
158.77,Mohave,768.9,378900,2010,2,4,0
217.39,Georgetown,930.78,450000,2021,3,4,0
136.29,Colonial Heights,1133.12,360000,2024,2,3,0
217.02,Mohave,644.66,649900,2025,4,4,0
123.93,Gilmer - GA,2792.33,375000,2022,2,3,0
155.71,Madison,971.25,300000,2006,3,3,0
222.97,Hamilton,1618.74,597400,2005,3,3,1
95.69,Montcalm,1011.72,89900,1900,1,3,0
470.93,Riverside,2347.18,2350000,2014,6,5,1
337.7,Buncombe,56251.35,1050000,1990,4,4,0
155.24,Clay,1133.12,150000,1989,2,3,0
199.0,LANCASTER,242.81,379900,1902,3,4,0
168.15,Nassau,526.09,340000,2014,2,3,0
108.7,Fannin,5018.11,650000,1992,2,2,1
172.52,Washtenaw,485.62,379270,2025,3,4,1
235.6,Fulton,647.5,485000,2023,3,4,0
227.43,Denver,607.03,925000,1926,2,4,0
128.26,Lubbock,890.31,150000,1952,2,3,0
307.69,Cambria,8498.41,399900,1979,4,0,0
240.06,Guilford,728.43,445000,2010,3,3,0
137.22,Hernando,2428.12,309990,2025,2,3,0
155.89,Douglas,3164.64,299000,2003,3,4,0
397.35,Jackson,3439.83,350000,1980,4,4,0
394.37,Botetourt,2468.58,739000,2003,5,5,0
177.63,Durham,930.78,365000,2003,3,3,0
275.83,Los Angeles,650.33,4189000,1940,4,5,0
156.26,Mecklenburg,890.31,335000,1987,3,3,0
318.47,Rogers,3670.5,635000,2013,4,4,0
342.25,Frio,6110.76,437000,1981,3,3,1
89.19,Hennepin,607.03,350000,1922,1,2,0
156.82,Travis,772.95,575000,1994,2,3,0
206.24,Hamilton,1902.02,575000,1973,4,4,0
370.78,Muscogee,3055.38,585000,2013,5,5,0
224.64,Hamilton,1857.51,450000,1988,4,4,1
107.02,Smyth,3197.02,44900,1964,1,3,0
262.92,Sangamon,6798.72,337500,1969,3,4,1
148.64,Oakland,1254.53,225000,1969,1,3,0
145.3,Lake,971.25,290000,1980,2,3,0
91.79,Kings (Brooklyn),120.87,899000,1930,2,3,0
335.29,Jefferson,1416.4,580000,1980,4,4,1
121.15,Greene,10157.62,149900,1900,2,3,0
127.46,Cleveland,2063.9,230000,1997,3,4,0
152.73,Middlesex,696.87,539900,1985,3,3,0
155.15,Dane,1173.59,425000,1981,3,3,1
142.7,Travis,869.67,445000,1967,2,3,0
221.02,Wayne,4451.55,449900,1978,3,4,1
165.74,Jackson,1077.68,385000,1987,2,2,0
266.35,Albany,2185.3,639800,1987,4,5,0
172.43,Cortland,1133.12,320000,1987,3,3,1
283.45,Catoosa,2023.43,575000,1999,3,5,0
173.08,Washington,161.87,529000,2012,3,3,0
243.96,San Bernardino,408.77,1100000,2016,3,4,1
119.57,Orange,1537.81,325000,1990,2,3,1
155.89,Horry,202.34,615000,2005,3,5,0
389.91,Summit,3103.13,509900,1985,3,4,0
170.29,Los Angeles,7766.33,1499000,1968,3,3,0
137.31,Calhoun,2913.74,229000,1942,2,3,1
112.04,Penobscot,566.56,169000,1915,1,3,1
146.04,Monroe,1052.18,199900,1958,2,4,0
125.33,Union,169.97,275000,1999,2,2,0
120.87,Kleberg,526.09,248900,2025,2,3,0
165.55,Perry,1578.28,399000,1995,2,3,1
143.26,Terrebonne,566.56,215000,1997,2,3,0
121.8,Clark,161.87,345000,2005,3,2,1
132.29,Washington,5422.79,420000,1995,2,3,0
279.64,Bremer,2832.8,398900,2000,3,4,0
263.84,Oneida,1610.65,250000,1930,3,3,0
130.9,Nueces,566.56,229000,1980,2,3,0
86.21,Wayne,526.09,244900,1959,2,3,0
146.42,Orange County,31565.51,549000,1930,2,3,1
121.24,Horry,485.62,669000,1974,2,3,0
122.26,Leflore,975.29,179900,1996,2,3,0
326.65,Wake,1902.02,857500,2020,3,4,0
110.37,Cook,485.62,399000,1954,2,3,0
96.99,Maricopa,687.97,377800,1940,1,2,0
74.69,DuPage,716.29,364900,1952,2,2,0
232.91,St. Joseph County,1821.09,375000,1992,3,4,1
130.9,Erie,501.81,475000,2013,2,2,0
147.16,Chemung,673.4,229900,1920,2,3,0
200.67,Kent,2428.12,360000,1984,3,4,0
84.73,Black Hawk,485.62,184900,1959,1,3,0
170.66,Mecklenburg,1052.18,400000,1989,3,3,0
80.27,St. Louis,641.02,89900,1958,1,3,0
310.2,Collier,4370.61,3250000,2022,4,4,0
134.15,Rockland County,1214.06,600000,1962,2,4,1
131.18,Charlotte,1052.18,299000,2003,2,3,0
110.46,Wayne,687.97,340000,1958,2,3,0
243.22,Lancaster,845.42,385000,1979,4,3,1
282.7,Kane,890.31,639900,2022,3,4,0
191.19,Lee,813.42,614900,2010,2,3,0
450.21,Madison,11857.3,1030000,2012,5,4,0
136.94,Warren,1560.47,420000,1990,3,3,1
218.51,Stark,1684.3,275000,1975,4,6,0
349.59,Walton,3723.11,455000,1999,4,5,0
172.71,Washoe,566.56,555000,1977,2,4,0
551.75,Gwinnett,2266.24,1080000,1999,5,7,0
150.41,Cobb,283.28,365000,2014,3,3,0
68.47,Fulton,68.8,100000,1958,1,1,0
159.14,San Bernardino,684.88,525000,1955,2,4,0
266.82,Spokane,1011.72,599900,1983,4,4,0
110.0,Los Angeles,553.05,799000,1948,1,3,1
76.92,San Bernardino,20234.3,225000,1971,1,2,1
197.7,Walton,11897.77,475000,2021,3,4,0
519.61,Cobb,2003.2,1000000,2003,5,4,0
166.11,Allen County,971.25,233900,1965,2,4,1
186.27,Escambia - Fl,1335.46,539000,2022,2,3,0
161.65,Bradford,4249.2,199000,1860,2,3,0
131.83,Durham,1942.49,350000,1972,2,3,0
125.42,Orange,186.92,769000,1972,2,2,1
207.27,Maricopa,768.9,625000,2000,2,4,0
157.66,Lee,728.43,325000,1983,2,3,0
509.57,Maricopa,4694.36,4599000,2013,5,4,0
233.84,Bradley,4046.86,439000,1977,4,4,0
148.18,Blount County - 28,3116.08,450000,2004,2,3,0
194.91,Chatham,930.78,588000,1994,2,3,1
160.16,Aiken,607.03,325000,2023,2,3,1
141.86,San Bernardino,668.9,719000,1964,2,4,1
115.94,Catawba,1902.02,185000,1996,2,2,0
145.67,Wake,1416.4,335000,1996,2,3,1
220.64,Allen County,1254.53,199900,1950,2,3,1
201.79,Putnam,1133.12,400000,2012,3,4,0
157.1,Marion,647.5,525000,2006,2,3,1
159.79,Gaston,28206.61,475000,1980,2,2,0
211.26,Bernalillo,526.09,380000,1998,3,4,0
151.8,Franklin,768.9,385000,2003,2,3,1
170.01,Lubbock,647.5,275000,2023,2,3,1
306.02,Greene,930.78,499900,2006,3,4,0
117.62,"Polk, NC",3197.02,349000,1954,1,3,1
138.61,Ventura,728.36,705000,1974,3,3,1
259.66,Hennepin,485.62,950000,1952,4,5,0
248.14,Canyon,930.78,570000,2025,3,4,0
258.46,Knox County - 1,2023.43,385000,1964,4,4,1
264.96,Vilas,21933.96,698500,1995,3,3,1
210.15,SAINT MARYS,1052.18,530000,2002,3,4,0
197.6,Walton,2589.99,625000,2005,2,3,1
115.57,Polk,602.98,349900,2008,3,4,0
297.29,Sevier,1537.81,1199999,2025,5,5,0
316.24,Lee,1129.07,2675000,2014,5,4,0
256.6,FAIRFAX,1497.34,724900,1975,4,5,0
424.85,Henrico,1385.24,1285000,2025,5,6,0
117.15,Jackson,1019.4,112000,1956,2,3,0
142.33,Fairfield,3277.96,519900,1954,2,3,0
135.82,Dallas,123.43,255000,2003,3,3,0
124.03,Campbell,445.15,255000,1948,2,3,0
229.47,Ingham,15256.66,484900,2000,4,3,0
125.98,Allen County,1092.65,269000,2014,2,3,1
126.63,Lubbock,687.97,165000,1964,2,3,1
363.07,Clark,1379.57,525000,2004,3,4,0
210.61,Cumberland,1011.72,315000,2021,3,5,0
412.12,Sedgwick,2832.8,475000,1972,3,4,1
152.36,Waukesha,42613.43,740000,1999,4,3,0
109.25,Androscoggin,687.97,299900,1956,1,3,1
169.92,Pinellas,930.78,585000,1974,2,4,1
88.82,Pinellas,161.87,259900,1983,2,2,1
138.24,Washington,1092.65,12000,1910,1,2,0
101.45,Wright,1456.87,230000,1965,2,2,1
93.46,Linn,728.43,193000,1966,2,3,0
254.83,Cedar,1011.72,489900,2024,4,4,0
102.19,Manatee,242.81,189000,1986,2,2,1
172.34,Eagle,161.87,1595000,2001,3,3,0
265.89,Hawkins,2144.84,299000,1965,2,3,0
223.34,Osceola,1011.72,500000,2005,3,4,1
118.36,Santa Rosa,509.9,205000,2003,2,3,0
232.26,Brunswick,445.15,1695000,2020,6,5,0
169.18,Pinal,566.56,385000,2023,2,4,0
133.69,Marion,1740.15,263000,1975,2,3,0
174.1,Midland,667.73,334000,2017,2,4,0
726.69,Fairfield,9267.31,3895000,2005,6,5,0
76.27,Floyd - GA,768.9,164900,1930,1,2,0
190.54,Lee,736.53,1100000,1990,3,3,0
140.75,Escambia - Fl,408.73,269000,2021,2,3,0
195.84,Spartanburg,2832.8,325000,2006,2,3,0
242.57,Hamilton,1295.0,948000,2025,4,4,1
305.74,Lee,663.69,585000,2007,3,4,0
240.71,Jefferson,922.68,650000,1974,3,4,1
100.34,Montgomery,687.97,184900,1957,2,3,0
157.47,Kennebec,1780.62,115000,1900,1,4,1
249.07,Lubbock,768.9,639900,2025,3,4,1
309.65,Aiken,2509.05,1800000,1800,5,5,0
248.7,Jefferson,1052.18,510000,1963,3,4,1
340.4,Waukesha,1173.59,727900,2014,4,4,0
254.55,Glynn,890.31,1795000,2000,5,5,0
140.66,Dane,1052.18,375000,1980,2,3,1
217.3,Sedgwick,768.9,245000,1975,3,3,1
248.61,Walton,21853.04,649000,2022,4,4,0
172.43,Hughes,78729.64,324000,1998,2,3,0
164.81,Lubbock,607.03,289000,2016,2,3,1
322.47,Bath,28328.02,499000,2020,0,6,1
241.27,Los Angeles,478.54,1160000,1950,3,3,1
124.86,Monmouth,1659.21,575000,1955,1,4,0
578.79,Greene,1537.81,889000,2005,5,6,0
229.47,Maricopa,1052.18,1199900,1983,2,5,0
114.46,Ross,1861.56,229000,1969,1,3,1
226.5,"Johnson, MO",12140.58,495000,2025,3,4,1
108.7,Fannin - GA,5018.11,650000,1992,2,2,0
127.56,Hamilton,2897.55,270000,1890,2,3,1
165.55,Jackson,1024.26,320000,2007,3,3,1
183.67,Logan,3294.14,385000,2025,3,3,0
203.46,Pima,323.75,437500,1978,3,3,0
288.19,El Paso,1827.97,625000,1984,4,4,1
265.8,Green,10440.9,584900,1996,3,3,1
127.93,Northumberland,404.69,189900,1900,2,4,1
270.72,Lubbock,404.69,399000,1976,3,3,0
192.96,Davidson,242.81,359500,2008,3,3,0
265.15,Albemarle,809.37,974900,2026,4,4,0
165.55,Jefferson,7608.1,289900,1996,2,3,1
321.07,Washington,20800.86,3500000,2001,4,5,0
671.87,Arapahoe,3399.36,3750000,1997,7,7,0
123.93,Gilmer,2792.33,375000,2022,2,3,0
206.8,BURLINGTON,1537.81,519900,1963,3,4,0
243.13,York,1173.59,550000,2000,3,5,0
189.15,San Bernardino,408.77,885000,1989,3,3,1
153.1,Kings (Brooklyn),185.81,1395000,1925,3,3,0
286.61,Columbia,647.5,605000,2013,3,4,0
173.91,Warren,8174.66,429000,1930,2,3,0
146.51,Perry County,768.9,215000,1972,2,3,1
128.21,Jefferson,647.5,235000,1964,1,3,1
154.22,Nueces,607.03,283000,2000,2,3,0
229.47,Wayne,687.97,335000,2005,3,3,1
259.76,Hamilton,1780.62,550000,1973,3,4,1
206.43,Weld,485.62,600000,2001,4,4,0
116.69,Lincoln,485.62,349500,1993,0,3,1
284.38,Spokane,1011.72,525000,1992,3,5,0
195.1,Jasper,36421.74,395000,1900,3,4,1
184.69,Orange,1133.12,475000,1975,2,1,1
130.9,Johnson,161.87,275000,2016,2,3,1
97.64,MADISON,1092.65,169900,1962,2,2,0
106.84,Milwaukee,566.56,109900,1926,1,2,0
213.21,Hamilton,80.94,439990,2025,4,3,0
120.4,Washington,485.62,275000,1996,2,3,0
130.44,Clinton,9307.78,209995,2000,2,3,0
185.43,Kalamazoo,2104.37,225000,1938,2,4,1
122.63,New Hanover,80.94,267900,2005,2,3,0
153.66,Kent,1214.06,365000,1968,2,3,1
107.02,Sarasota County,364.22,185000,1977,2,2,0
122.45,Mobile,2711.4,140000,1990,1,4,0
266.63,MADISON,4046.86,479900,1962,3,4,0
231.14,Gilmer,5099.04,464900,2006,3,4,0
164.81,Baldwin,967.2,427800,2002,2,3,0
116.78,DeKalb,3035.15,219900,2025,2,2,1
168.43,Bartow - GA,1092.65,369900,2025,3,4,0
289.67,Santa Rosa,1942.49,565000,2025,3,4,1
194.54,Lubbock,768.9,185000,2005,2,4,0
260.5,Bath,163088.45,599000,2022,0,6,1
221.95,Jefferson,687.97,535000,2025,4,4,0
197.7,Pierce,40468.6,310000,2020,3,5,0
146.42,Denver,647.5,510000,1953,2,2,0
122.72,Orangeburg,2509.05,125000,1986,2,3,0
210.89,Suffolk County,1011.72,3250000,1995,3,3,0
222.97,Alamance,1456.87,449900,2006,2,3,0
220.46,GIBSON,1011.72,429900,2011,3,4,1
93.65,Marshall,971.25,185000,1961,2,3,0
284.56,Stanislaus,2131.29,745000,2025,4,4,1
226.78,Maricopa,728.43,1197000,1997,3,4,0
282.52,Dane,1942.49,775000,1976,4,3,1
93.65,Dane,930.78,349900,1962,2,3,1
143.07,Jackson,680.68,209950,1940,2,4,0
252.32,Hartford,1335.46,324000,1900,2,4,0
63.55,Polk,1137.17,167500,1941,1,1,0
68.93,Franklin,3399.36,339900,2021,1,1,1
272.58,Riverside,526.11,829999,1995,3,4,0
94.85,Seminole,80.94,179900,1988,2,2,1
415.18,Suffolk County,4046.86,1875000,1998,4,5,1
250.65,Douglas,161.87,829000,2009,3,3,0
173.08,Lake,440.7,548900,2023,2,2,0
116.13,St. Johns,809.37,330000,2018,2,3,0
127.0,Suffolk County,485.62,479900,1947,2,3,0
294.6,Union,6960.6,835000,2025,3,4,0
144.09,Greene,930.78,265000,2023,2,3,0
231.98,Williamson,1036.81,515000,1999,3,3,0
328.04,Hendricks,4249.2,585000,1995,4,3,0
164.62,Paulding - GA,1861.56,299999,1995,3,3,0
148.83,Clark,445.15,420000,1985,3,3,1
159.42,Los Angeles,682.65,1468000,1972,2,4,1
138.05,Middlesex,100.36,425000,1980,2,2,0
78.97,Maricopa,283.28,295000,1983,2,2,0
175.77,Teton,1497.34,1250000,2022,2,3,0
227.89,York,1214.06,385000,2013,3,4,0
124.49,Blair,13840.26,209900,1948,1,3,0
123.75,Douglas,483.1,219000,1953,2,4,1
256.51,Santa Rosa,8700.75,719900,2025,3,4,0
87.7,Chatham County,80.94,475000,1999,2,2,0
113.53,Hancock,1335.46,309000,2010,2,3,0
214.14,Clackamas,566.56,675000,1988,3,4,0
313.36,Barrow - GA,4856.23,559900,2022,4,5,0
194.54,Travis,973.67,725000,1956,2,4,0
205.22,Navajo,1133.12,599000,2017,2,4,0
84.54,Clark,526.09,64900,1935,1,2,1
104.05,Lawrence County,2832.8,164999,1987,1,3,1
189.89,Larimer,283.28,489990,2025,3,3,0
104.05,HENRY,2428.12,259500,2016,2,2,1
174.01,Multnomah,485.62,659000,1927,2,3,0
68.01,Carroll County,445.15,120000,1901,1,2,1
139.35,Brunswick,485.62,1100000,1995,3,4,0
128.67,Walker,2023.43,298500,2025,2,3,0
183.76,Travis,683.11,634900,2001,2,4,0
112.97,Kerr,66166.16,415000,1986,2,3,0
98.2,Essex,202.34,489000,1900,1,3,0
125.98,Fulton - GA,1092.65,654999,2007,2,3,0
127.65,Bexar,465.39,290000,1989,2,3,1
136.2,Jackson - GA,3358.89,359000,1987,2,3,0
106.19,Clayton - GA,1038.83,235000,1994,2,3,0
233.93,Lee,2023.83,664900,2025,4,3,0
107.77,Wheatland,2589.99,259000,1920,1,3,0
93.65,Chatham County,80.94,425000,1999,2,2,0
157.75,Multnomah,485.62,499000,1927,1,2,0
328.69,Cobb - GA,2329.37,1100000,1981,5,4,0
132.48,Osage,133.55,330000,2024,2,3,0
204.57,Santa Clara,752.72,2250000,1953,0,5,0
139.73,Duval,1780.62,195000,1951,1,4,0
365.95,Dane,2144.84,750000,2002,4,5,1
96.99,Hennepin,121.41,235000,1981,2,2,0
354.8,Jefferson,768.9,724900,2002,4,3,0
204.39,El Paso,563.32,407000,2006,2,3,1
206.71,Harnett,2023.43,384706,2025,3,4,0
200.58,Marion,930.78,349900,1963,2,4,1
154.4,Chatham County,607.03,265000,2008,3,4,0
173.08,Monmouth,768.9,735000,1989,3,4,0
141.49,Larimer,283.28,499990,2025,3,3,0
194.26,Wake,971.25,345000,2019,3,3,0
92.9,Clark,290.97,235000,1973,1,1,0
187.94,Shasta,1052.18,499000,1996,2,4,0
222.04,Hillsborough,12221.52,459900,1990,2,4,0
179.49,El Paso,20234.3,615000,1981,3,3,1
307.6,Washington,849.84,858000,2004,3,5,0
169.55,Larimer,242.81,484990,2025,3,3,0
356.1,Pueblo,900.43,490000,2003,2,3,1
130.06,Aiken,809.37,194000,2003,2,3,1
248.61,St. Johns,1375.93,724900,2005,3,4,0
221.95,Charleston,10926.52,874900,1992,3,3,0
218.32,Vilas,8174.64,399000,1999,3,2,1
180.05,York County VA,161.87,438991,2026,4,4,0
169.27,Hamilton,1804.9,439900,1983,3,4,1
299.89,Bexar,1634.53,599500,1992,3,5,0
124.86,Monmouth,364.22,469900,1924,1,4,0
128.21,Hillsborough,728.43,850000,1979,0,4,0
246.19,Fulton,246.86,1200000,2001,2,2,0
131.09,Grayson,497.76,239999,2025,2,3,0
391.03,Warren,21545.48,1250000,1989,4,4,1
240.99,Guadalupe,1375.93,520000,2019,3,4,0
95.13,Mason,5584.67,194000,1990,2,2,0
172.34,Brevard,1335.46,354900,1970,2,3,1
137.5,Brevard,526.09,320000,2016,2,3,0
124.86,Calhoun,1173.59,195000,1960,2,4,0
143.91,Nueces,607.03,220000,1983,2,3,1
109.72,Clinton County,647.5,179900,1923,1,3,1
202.25,Marion,6353.57,849900,1990,3,3,0
117.52,Dubuque,687.97,279900,1968,2,3,1
128.67,Bexar,558.47,249000,2005,2,3,1
269.42,Bexar,534.19,400000,2007,3,5,1
196.21,Cumberland,7446.22,665000,1994,3,3,1
163.32,St Louis City,354.1,140000,1922,2,4,0
190.73,Pickens,1821.09,375000,1982,3,3,0
328.88,"Johnson, KS",1058.25,599950,1966,4,4,1
280.1,Forsyth,1254.53,525000,2003,3,5,0
184.78,Richland County,1899.19,247000,1940,2,3,1
237.92,Waukesha,2225.77,699900,2003,3,4,0
264.4,Fayette,1618.74,599000,1988,3,4,0
240.99,Caddo,1411.54,380000,1955,3,3,0
217.39,Pima,809.37,650000,1949,3,4,0
737.93,Rockingham,51233.25,1289000,2008,6,6,0
121.52,Hillsborough,768.9,355000,1982,2,3,1
372.73,Washington-MN,1861.56,674900,1995,4,5,0
589.56,McKean,3237.49,689900,1905,9,8,0
156.08,Knott,1537.81,169000,2002,2,3,1
164.62,St Johns,687.97,449999,2001,2,4,1
290.23,Fayette,41075.63,2350000,2020,3,3,0
104.05,Hubbard,10198.09,375000,2008,2,2,0
200.11,Nassau County,650.33,949888,1959,3,4,0
100.34,Jefferson,4289.67,225000,1995,2,3,1
186.74,Leon,364.22,462900,2025,3,3,0
522.67,Summit,1335.46,625000,1997,4,4,0
165.18,Wakulla,24038.35,445900,2006,3,3,0
164.9,Anoka,485.62,347000,1922,2,2,0
281.4,Cobb,1586.37,679500,1994,3,4,0
363.81,York,8053.25,875000,2008,5,6,0
208.47,Jackson,898.4,300000,1989,3,4,0
204.39,Bronx County,220.55,799900,1930,3,3,0
166.48,Jackson,378.79,124900,1917,2,4,1
293.67,Tama,24564.44,389000,1969,4,3,0
214.23,Canadian,4734.83,334815,2025,3,4,1
192.12,SPOTSYLVANIA,2549.52,485000,2001,3,3,0
128.58,Putnam County,4046.86,285000,1952,2,2,1
192.77,Suffolk County,1659.21,775000,1998,3,4,0
111.48,Burnet,930.78,212000,1976,1,3,0
335.1,Warren,526.09,779900,2025,5,4,0
200.76,Taylor,28837.92,425000,1997,3,3,0
258.08,Jasper,12140.58,460000,1995,3,4,1
156.36,Lee,930.78,349900,2025,3,4,0
140.56,Other,526.09,149000,1920,2,3,1
122.63,Bosque,817.47,175000,1975,2,3,0
183.58,Newton AR,19870.08,630000,2013,3,2,0
141.21,Alachua,728.43,460000,2020,2,3,1
100.34,Jefferson,4289.67,225000,1995,2,3,0
134.71,Mecklenburg,2792.33,440000,1940,2,3,0
177.26,Santa Rosa,971.25,420000,1998,2,3,0
491.64,CHESTER,2913.74,999999,1959,5,7,0
177.91,Bell,794.8,215000,2005,2,4,0
278.52,Randall,1133.12,445000,1958,4,4,0
115.85,Montgomery,3075.61,259900,1940,2,3,1
131.55,Logan,1011.72,209900,1900,1,3,0
150.97,Lorain,526.09,155000,1955,2,3,0
92.35,Summit,557.25,164900,1952,1,2,0
128.48,El Paso,566.56,249950,1986,2,3,0
85.84,Coos,687.97,235000,1939,1,3,0
322.37,Trempealeau,23067.1,650000,1996,3,4,0
161.19,Lee,930.78,615000,2025,3,4,0
263.01,Los Angeles,1011.72,2749000,2005,5,4,1
137.03,Pottawatomie,5058.98,219900,2024,2,4,0
116.04,Lubbock,607.03,125000,1943,2,3,0
95.13,Oklahoma,650.33,139999,1949,1,3,0
123.84,San Juan,4370.61,650000,2009,2,2,1
307.79,Orange,487.74,2400000,1994,5,5,1
163.23,San Diego,768.9,998000,1959,2,4,0
98.11,Sullivan,2913.74,212500,1984,1,3,0
249.72,Madison,1659.21,115000,1900,3,3,0
149.76,Canadian,4451.55,269900,2025,2,3,0
107.02,Monroe,371.5,250000,1950,2,4,0
349.13,Spokane,2225.77,649900,1979,3,6,0
157.94,Champaign,12909.48,284650,1948,1,3,0
235.6,Franklin,7203.41,565000,2015,3,4,0
111.48,Gilmer,2144.84,409900,2025,2,3,0
303.42,Fulton,1392.12,1199900,2012,4,5,0
261.06,Logan,3318.43,465000,2010,4,4,0
339.28,Paulding,2832.8,500000,1998,4,5,0
573.77,Erie,1861.56,1375000,2007,5,5,1
168.9,Carson City,809.37,515000,1991,3,3,0
178.93,LANCASTER,7041.54,250000,1810,2,3,0
467.4,Carver,1780.62,1699000,2025,5,5,0
100.34,Oahu,34001.71,288000,1988,2,2,0
66.89,Beckham,422.49,80000,1950,1,2,0
84.54,Hernando,809.37,169900,2003,1,2,0
125.98,Fulton,1092.65,654999,2007,2,3,0
212.38,Long,4856.23,329000,2023,3,4,0
178.28,Bell,1889.88,355000,2021,2,4,0
173.26,Clarke,4451.55,450000,1994,3,3,0
179.21,Clark,121.41,699000,2025,4,4,0
208.1,Maricopa,4572.95,725000,2025,3,4,0
478.73,Lancaster,849.84,1080000,2022,5,5,0
169.46,Fairfield,809.37,278000,1975,3,4,1
285.12,Barnstable,2104.37,2195000,1973,5,4,0
262.92,Coweta,728.43,439900,2014,4,4,0
358.88,Cobb,1335.46,665000,1989,3,4,0
206.71,Harnett,2023.43,384706,2025,3,4,1
183.02,El Paso,566.56,364950,2008,3,4,0
149.67,Bulloch,2832.8,279000,2006,2,3,0
193.42,El Paso,607.03,209999,1958,2,4,0
100.06,Jasper,930.78,139900,1925,1,2,1
185.99,Hillsborough,728.43,550000,1966,2,4,1
154.13,Franklin,768.9,254000,1955,2,3,1
266.54,Bell,1618.74,649000,2025,3,4,1
171.31,Wyandotte,2185.3,285000,1955,2,3,1
166.67,McLennan,971.25,312000,1970,2,3,0
153.01,Rockingham,202.34,323000,2022,3,3,0
141.21,Brown,1011.72,274900,1965,2,3,1
162.77,Pueblo,1214.06,439900,2025,2,3,0
128.95,Kanabec,343.98,249900,2002,2,2,0
130.06,Lapeer,2873.27,289900,1971,2,4,0
371.98,Ada,1618.74,2350000,2014,4,5,0
341.42,Washington,202343.0,2075000,2007,4,4,0
146.32,Johnston,2832.8,314900,2002,2,3,1
229.84,Wallowa,2063.9,484000,1959,2,3,0
278.89,Tulsa,1169.54,530000,1964,4,4,0
179.21,Pinal,607.03,325000,2004,2,4,0
125.79,Hennepin,202.34,275000,1981,3,3,0
175.12,Campbell,1416.4,250000,1940,0,3,0
84.73,Fond du Lac,607.03,124900,1900,1,2,1
349.69,Walton,2185.3,5280000,2007,3,4,0
310.3,Hillsborough,1821.09,859000,1920,3,4,1
128.3,Washington,161.87,408000,1998,3,2,0
173.54,BALTIMORE,1335.46,415000,1965,2,4,0
588.08,Christian,19748.68,925000,2021,4,6,1
212.93,York,1861.56,549000,1986,3,4,1
155.98,Leon,1335.46,369000,1993,2,3,0
94.02,JEFFERSON,2144.84,299000,1976,1,3,0
133.69,Whitfield,971.25,329900,2025,2,3,1
145.21,BALTIMORE CITY,202.34,239439,1914,2,4,0
204.39,Lubbock,768.9,285000,1985,3,4,0
77.3,Adams,687.97,460000,1971,2,4,0
465.44,JEFFERSON,1011.72,780000,2014,5,5,0
168.62,Polk,607.03,440000,2022,2,3,0
100.34,Campbell,202.34,239222,1913,1,2,0
206.24,Monroe,40468.6,349500,2007,2,3,1
221.48,Gilmer,26385.53,435777,1990,4,4,0
217.39,St. Charles,971.25,468000,2007,4,4,0
192.77,St. Clair,687.97,220000,1963,2,4,0
206.62,Henrico,1327.37,339900,1998,4,3,0
1003.07,FAIRFAX,3884.99,9500000,2026,10,7,0
120.4,Russell,102587.91,675000,2012,4,2,0
293.2,Pulaski,1740.15,298000,1964,4,6,0
91.04,Iberia,1295.0,137900,1962,1,3,0
129.69,Pinellas,687.97,450000,1987,2,3,0
225.75,HOWARD,1497.34,739900,1992,3,5,0
371.61,Fayette,40468.6,785000,2002,4,5,0
216.37,Clay,1245.22,389000,2020,3,4,0
186.18,Cerro Gordo,566.56,150000,1950,1,3,1
290.6,Berkeley,728.43,475000,2018,3,4,0
144.84,Essex,19020.24,410000,1930,1,3,0
129.41,Wakulla,4046.86,294500,1993,2,3,0
148.64,Escambia - Fl,242.81,149999,1972,3,3,0
570.15,Jefferson,2549.52,1075000,1998,5,4,1
206.9,Washoe,849.84,759000,1986,3,4,0
192.5,MONTGOMERY,1497.34,535000,1955,3,4,0
81.94,Onslow,728.43,1150,1983,2,2,0
225.29,Midland,1052.18,399000,1996,2,3,0
208.47,Ocean,14730.57,749900,1973,2,3,0
182.28,Fayette,2208.78,430000,1959,2,4,1
149.85,Beaufort,647.5,775000,1996,3,3,0
127.18,Clark,566.56,309000,1985,3,3,1
103.03,Indiana,80937.2,230000,1932,1,2,1
139.08,Wakulla,445.15,239900,2025,2,4,0
557.42,Lafayette,3925.45,1500000,2005,6,6,0
273.13,Larimer,3277.96,975000,1987,3,5,0
132.29,Polk,696.06,279900,1959,2,3,0
124.86,Posey County,566.56,64900,1920,2,3,0
161.28,Minnehaha,751.91,309900,1984,2,3,1
110.65,Fond du Lac,607.03,175000,1900,1,3,1
298.03,YORK,404.69,299900,1972,4,8,0
279.92,Jackson Co.,3035.15,459900,2019,3,4,0
219.62,Keokuk,1942.49,349000,1967,4,4,1
431.53,Sarasota,1052.18,3749000,2014,4,4,1
150.6,Collin,566.56,454000,2016,2,3,0
248.05,Lake,849.84,515000,1994,3,4,0
138.24,Allen County,445.15,205000,1925,2,3,1
268.68,FAIRFAX,971.25,925000,1957,4,5,0
244.15,FREDERICK,2266.24,599900,1972,3,5,0
185.81,WORCESTER,809.37,545000,1900,2,3,0
303.05,Oconee,728.43,950000,2019,4,3,0
195.1,Jessamine,26871.15,540000,2024,2,4,1
321.07,Hawkins,1902.02,929900,2021,4,5,0
107.77,PRINCE GEORGES,607.03,515000,2001,3,4,0
150.69,Clermont,1133.12,260000,1951,2,4,1
95.78,Wayne,404.69,199900,1950,1,3,1
82.68,Los Angeles,5503.58,768000,2007,2,1,0
247.4,Riverside,485.62,499000,2023,4,5,0
167.97,SCHUYLKILL,121.41,99900,1900,1,5,0
291.9,St. Louis County,20234.3,599900,1998,4,3,1
164.72,Harnett,1861.56,339706,2025,2,3,0
128.95,Hopkins,493.72,269000,2023,2,3,0
162.77,Dane,728.43,385000,1952,2,4,1
113.06,Lee,501.81,375000,1990,2,2,0
168.15,Hamilton,513.95,259000,1939,2,3,1
69.12,Lancaster,331.76,75000,1915,1,1,0
248.89,Washoe,687.97,1210000,2021,3,3,0
408.49,Allegan,20234.3,1135000,2005,5,6,0
299.52,Guadalupe,809.37,470000,2008,3,5,1
233.93,Bexar,461.34,335000,2019,3,4,1
183.95,Muskegon,7486.69,399000,1986,2,3,1
162.3,El Paso,566.56,430000,1996,3,4,1
89.19,Barry,4046.86,259900,1990,1,3,0
123.0,Dane,526.09,370000,2004,2,3,1
326.46,Cabarrus,1416.4,799500,2026,5,5,0
143.26,Brunswick,445.15,1075000,1984,2,3,0
416.02,Kent,4087.33,1200000,1998,4,5,0
232.82,Tarrant,445.15,458149,2025,3,4,0
140.47,Barry,121405.8,419900,1983,1,3,0
144.46,Orange,526.09,385000,2020,2,3,0
1518.96,Woodford,121405.8,2149000,2006,9,7,1
352.01,Osceola,566.56,689900,2019,5,6,0
129.69,Rock,1092.65,350000,2007,2,3,1
263.38,Mecklenburg,1173.59,689900,2011,4,4,0
201.41,Nueces,5908.42,115000,1982,1,3,0
208.1,Kent,1052.18,429900,2023,2,4,1
378.3,Dallas,878.17,1795000,2007,4,4,0
272.86,Sevier County - 27,3965.92,600000,1999,4,3,0
150.87,Hernando,930.78,589000,2023,2,3,1
624.77,Wake,2913.74,1550000,2013,5,5,1
230.68,Chatham,5260.92,725000,2018,3,3,0
217.76,Cumberland,1456.87,369500,2025,4,4,0
179.21,Collier,72843.48,489999,2021,3,3,0
126.35,Wilson,607.03,263990,2025,3,3,0
234.86,Wake,647.5,595000,2015,3,4,0
162.67,Marion,1173.59,325000,2025,2,4,1
168.99,Harnett,1861.56,344706,2025,2,3,0
168.99,Harnett,1861.56,344706,2025,2,3,0
175.4,Knox County - 1,2306.71,365000,1962,2,3,0
107.02,Leon,485.62,109000,1996,2,3,0
321.82,Summit,1473.06,550000,2010,4,4,0
175.77,Trumbull,2044.07,249900,1973,2,3,0
121.33,Buncombe,2751.86,625000,2001,2,2,0
219.53,Canyon,768.9,570000,2025,3,4,0
177.54,Ada,105.22,800000,2017,3,3,0
94.2,Leon,728.43,249900,2008,2,3,0
175.68,McMinn,1861.56,250000,1950,2,3,0
376.26,Cherokee - GA,1958.68,599000,1991,4,6,0
161.19,Maricopa,607.03,725000,1998,2,3,0
154.22,St. Louis,497.76,425000,2021,3,3,0
163.23,Horry,1011.72,359000,2001,2,3,0
213.31,St. Croix,29485.42,575000,1950,1,3,0
476.04,Cuyahoga,3136.32,869900,2019,5,4,0
138.15,Dallas,720.34,279999,1986,2,3,0
388.24,Sevier,8053.25,1129999,1990,4,4,0
173.26,Granville,35774.24,399900,2000,2,3,1
111.67,Macomb,809.37,249000,1977,1,2,0
98.85,Pinellas,485.62,184000,1980,2,2,1
80.36,Polk,849.84,220000,1962,1,3,1
197.7,St. Louis,549.97,369000,1928,2,4,0
110.0,St Louis City,699.7,185000,1950,2,2,0
300.17,Riverside,607.03,725000,2019,4,4,0
182.93,Maricopa,526.09,799999,2021,3,3,0
100.34,San Bernardino,20234.3,149999,1994,2,3,1
145.58,Maricopa,809.37,1170000,1959,2,4,0
491.55,St. Clair,6960.6,615000,2000,4,4,0
181.44,Maricopa,607.03,499999,2021,3,3,0
184.23,Collier,607.03,729000,2001,3,3,0
108.23,Lehigh,959.11,369900,1950,2,4,0
91.79,Cuyahoga,619.57,195000,1960,1,3,0
75.81,Franklin,651.54,110000,1920,1,2,1
1080.09,Maricopa,10319.49,21800000,2024,9,7,0
